"POS","SEQ"
1,"M"
2,"K"
3,"S"
4,"G"
5,"S"
6,"G"
7,"G"
8,"G"
9,"S"
10,"P"
11,"T"
12,"S"
13,"L"
14,"W"
15,"G"
16,"L"
17,"V"
18,"F"
19,"L"
20,"S"
21,"A"
22,"A"
23,"L"
24,"S"
25,"L"
26,"W"
27,"P"
28,"T"
29,"S"
30,"G"
31,"E"
32,"I"
33,"C"
34,"G"
35,"P"
36,"G"
37,"I"
38,"D"
39,"I"
40,"R"
41,"N"
42,"D"
43,"Y"
44,"Q"
45,"Q"
46,"L"
47,"K"
48,"R"
49,"L"
50,"E"
51,"N"
52,"C"
53,"T"
54,"V"
55,"I"
56,"E"
57,"G"
58,"F"
59,"L"
60,"H"
61,"I"
62,"L"
63,"L"
64,"I"
65,"S"
66,"K"
67,"A"
68,"E"
69,"D"
70,"Y"
71,"R"
72,"S"
73,"Y"
74,"R"
75,"F"
76,"P"
77,"K"
78,"L"
79,"T"
80,"V"
81,"I"
82,"T"
83,"E"
84,"Y"
85,"L"
86,"L"
87,"L"
88,"F"
89,"R"
90,"V"
91,"A"
92,"G"
93,"L"
94,"E"
95,"S"
96,"L"
97,"G"
98,"D"
99,"L"
100,"F"
101,"P"
102,"N"
103,"L"
104,"T"
105,"V"
106,"I"
107,"R"
108,"G"
109,"W"
110,"K"
111,"L"
112,"F"
113,"Y"
114,"N"
115,"Y"
116,"A"
117,"L"
118,"V"
119,"I"
120,"F"
121,"E"
122,"M"
123,"T"
124,"N"
125,"L"
126,"K"
127,"D"
128,"I"
129,"G"
130,"L"
131,"Y"
132,"N"
133,"L"
134,"R"
135,"N"
136,"I"
137,"T"
138,"R"
139,"G"
140,"A"
141,"I"
142,"R"
143,"I"
144,"E"
145,"K"
146,"N"
147,"A"
148,"D"
149,"L"
150,"C"
151,"Y"
152,"L"
153,"S"
154,"T"
155,"I"
156,"D"
157,"W"
158,"S"
159,"L"
160,"I"
161,"L"
162,"D"
163,"A"
164,"V"
165,"S"
166,"N"
167,"N"
168,"Y"
169,"I"
170,"V"
171,"G"
172,"N"
173,"K"
174,"P"
175,"P"
176,"K"
177,"E"
178,"C"
179,"G"
180,"D"
181,"L"
182,"C"
183,"P"
184,"G"
185,"T"
186,"L"
187,"E"
188,"E"
189,"K"
190,"P"
191,"M"
192,"C"
193,"E"
194,"K"
195,"T"
196,"T"
197,"I"
198,"N"
199,"N"
200,"E"
201,"Y"
202,"N"
203,"Y"
204,"R"
205,"C"
206,"W"
207,"T"
208,"T"
209,"N"
210,"R"
211,"C"
212,"Q"
213,"K"
214,"M"
215,"C"
216,"P"
217,"S"
218,"V"
219,"C"
220,"G"
221,"K"
222,"R"
223,"A"
224,"C"
225,"T"
226,"E"
227,"N"
228,"N"
229,"E"
230,"C"
231,"C"
232,"H"
233,"P"
234,"E"
235,"C"
236,"L"
237,"G"
238,"S"
239,"C"
240,"H"
241,"T"
242,"P"
243,"D"
244,"D"
245,"N"
246,"T"
247,"T"
248,"C"
249,"V"
250,"A"
251,"C"
252,"R"
253,"H"
254,"Y"
255,"Y"
256,"Y"
257,"K"
258,"G"
259,"V"
260,"C"
261,"V"
262,"P"
263,"A"
264,"C"
265,"P"
266,"P"
267,"G"
268,"T"
269,"Y"
270,"R"
271,"F"
272,"E"
273,"G"
274,"W"
275,"R"
276,"C"
277,"V"
278,"D"
279,"R"
280,"D"
281,"F"
282,"C"
283,"A"
284,"N"
285,"I"
286,"P"
287,"N"
288,"A"
289,"E"
290,"S"
291,"S"
292,"D"
293,"S"
294,"D"
295,"G"
296,"F"
297,"V"
298,"I"
299,"H"
300,"D"
301,"D"
302,"E"
303,"C"
304,"M"
305,"Q"
306,"E"
307,"C"
308,"P"
309,"S"
310,"G"
311,"F"
312,"I"
313,"R"
314,"N"
315,"S"
316,"T"
317,"Q"
318,"S"
319,"M"
320,"Y"
321,"C"
322,"I"
323,"P"
324,"C"
325,"E"
326,"G"
327,"P"
328,"C"
329,"P"
330,"K"
331,"V"
332,"C"
333,"G"
334,"D"
335,"E"
336,"E"
337,"K"
338,"K"
339,"T"
340,"K"
341,"T"
342,"I"
343,"D"
344,"S"
345,"V"
346,"T"
347,"S"
348,"A"
349,"Q"
350,"M"
351,"L"
352,"Q"
353,"G"
354,"C"
355,"T"
356,"I"
357,"L"
358,"K"
359,"G"
360,"N"
361,"L"
362,"L"
363,"I"
364,"N"
365,"I"
366,"R"
367,"R"
368,"G"
369,"N"
370,"N"
371,"I"
372,"A"
373,"S"
374,"E"
375,"L"
376,"E"
377,"N"
378,"F"
379,"M"
380,"G"
381,"L"
382,"I"
383,"E"
384,"V"
385,"V"
386,"T"
387,"G"
388,"Y"
389,"V"
390,"K"
391,"I"
392,"R"
393,"H"
394,"S"
395,"H"
396,"A"
397,"L"
398,"V"
399,"S"
400,"L"
401,"S"
402,"F"
403,"L"
404,"K"
405,"N"
406,"L"
407,"R"
408,"L"
409,"I"
410,"L"
411,"G"
412,"E"
413,"E"
414,"Q"
415,"L"
416,"E"
417,"G"
418,"N"
419,"Y"
420,"S"
421,"F"
422,"Y"
423,"V"
424,"L"
425,"D"
426,"N"
427,"Q"
428,"N"
429,"L"
430,"Q"
431,"Q"
432,"L"
433,"W"
434,"D"
435,"W"
436,"N"
437,"H"
438,"R"
439,"N"
440,"L"
441,"T"
442,"V"
443,"R"
444,"S"
445,"G"
446,"K"
447,"M"
448,"Y"
449,"F"
450,"A"
451,"F"
452,"N"
453,"P"
454,"K"
455,"L"
456,"C"
457,"V"
458,"S"
459,"E"
460,"I"
461,"Y"
462,"R"
463,"M"
464,"E"
465,"E"
466,"V"
467,"T"
468,"G"
469,"T"
470,"K"
471,"G"
472,"R"
473,"Q"
474,"S"
475,"K"
476,"G"
477,"D"
478,"I"
479,"N"
480,"T"
481,"R"
482,"N"
483,"N"
484,"G"
485,"E"
486,"R"
487,"A"
488,"S"
489,"C"
490,"E"
491,"S"
492,"D"
493,"V"
494,"L"
495,"R"
496,"F"
497,"T"
498,"S"
499,"T"
500,"T"
501,"T"
502,"W"
503,"K"
504,"N"
505,"R"
506,"I"
507,"I"
508,"I"
509,"T"
510,"W"
511,"H"
512,"R"
513,"Y"
514,"R"
515,"P"
516,"P"
517,"D"
518,"Y"
519,"R"
520,"D"
521,"L"
522,"I"
523,"S"
524,"F"
525,"T"
526,"V"
527,"Y"
528,"Y"
529,"K"
530,"E"
531,"A"
532,"P"
533,"F"
534,"K"
535,"N"
536,"V"
537,"T"
538,"E"
539,"Y"
540,"D"
541,"G"
542,"Q"
543,"D"
544,"A"
545,"C"
546,"G"
547,"S"
548,"N"
549,"S"
550,"W"
551,"N"
552,"M"
553,"V"
554,"D"
555,"V"
556,"D"
557,"L"
558,"P"
559,"P"
560,"N"
561,"K"
562,"E"
563,"G"
564,"E"
565,"P"
566,"G"
567,"I"
568,"L"
569,"L"
570,"H"
571,"G"
572,"L"
573,"K"
574,"P"
575,"W"
576,"T"
577,"Q"
578,"Y"
579,"A"
580,"V"
581,"Y"
582,"V"
583,"K"
584,"A"
585,"V"
586,"T"
587,"L"
588,"T"
589,"M"
590,"V"
591,"E"
592,"N"
593,"D"
594,"H"
595,"I"
596,"R"
597,"G"
598,"A"
599,"K"
600,"S"
601,"E"
602,"I"
603,"L"
604,"Y"
605,"I"
606,"R"
607,"T"
608,"N"
609,"A"
610,"S"
611,"V"
612,"P"
613,"S"
614,"I"
615,"P"
616,"L"
617,"D"
618,"V"
619,"L"
620,"S"
621,"A"
622,"S"
623,"N"
624,"S"
625,"S"
626,"S"
627,"Q"
628,"L"
629,"I"
630,"V"
631,"K"
632,"W"
633,"N"
634,"P"
635,"P"
636,"T"
637,"L"
638,"P"
639,"N"
640,"G"
641,"N"
642,"L"
643,"S"
644,"Y"
645,"Y"
646,"I"
647,"V"
648,"R"
649,"W"
650,"Q"
651,"R"
652,"Q"
653,"P"
654,"Q"
655,"D"
656,"G"
657,"Y"
658,"L"
659,"Y"
660,"R"
661,"H"
662,"N"
663,"Y"
664,"C"
665,"S"
666,"K"
667,"D"
668,"K"
669,"I"
670,"P"
671,"I"
672,"R"
673,"K"
674,"Y"
675,"A"
676,"D"
677,"G"
678,"T"
679,"I"
680,"D"
681,"V"
682,"E"
683,"E"
684,"V"
685,"T"
686,"E"
687,"N"
688,"P"
689,"K"
690,"T"
691,"E"
692,"V"
693,"C"
694,"G"
695,"G"
696,"D"
697,"K"
698,"G"
699,"P"
700,"C"
701,"C"
702,"A"
703,"C"
704,"P"
705,"K"
706,"T"
707,"E"
708,"A"
709,"E"
710,"K"
711,"Q"
712,"A"
713,"E"
714,"K"
715,"E"
716,"E"
717,"A"
718,"E"
719,"Y"
720,"R"
721,"K"
722,"V"
723,"F"
724,"E"
725,"N"
726,"F"
727,"L"
728,"H"
729,"N"
730,"S"
731,"I"
732,"F"
733,"V"
734,"P"
735,"R"
736,"P"
737,"E"
738,"R"
739,"R"
740,"R"
741,"R"
742,"D"
743,"V"
744,"M"
745,"Q"
746,"V"
747,"A"
748,"N"
749,"T"
750,"T"
751,"M"
752,"S"
753,"S"
754,"R"
755,"S"
756,"R"
757,"N"
758,"T"
759,"T"
760,"V"
761,"A"
762,"D"
763,"T"
764,"Y"
765,"N"
766,"I"
767,"T"
768,"D"
769,"P"
770,"E"
771,"E"
772,"F"
773,"E"
774,"T"
775,"E"
776,"Y"
777,"P"
778,"F"
779,"F"
780,"E"
781,"S"
782,"R"
783,"V"
784,"D"
785,"N"
786,"K"
787,"E"
788,"R"
789,"T"
790,"V"
791,"I"
792,"S"
793,"N"
794,"L"
795,"R"
796,"P"
797,"F"
798,"T"
799,"L"
800,"Y"
801,"R"
802,"I"
803,"D"
804,"I"
805,"H"
806,"S"
807,"C"
808,"N"
809,"H"
810,"E"
811,"A"
812,"E"
813,"K"
814,"L"
815,"G"
816,"C"
817,"S"
818,"A"
819,"S"
820,"N"
821,"F"
822,"V"
823,"F"
824,"A"
825,"R"
826,"T"
827,"M"
828,"P"
829,"A"
830,"E"
831,"G"
832,"A"
833,"D"
834,"D"
835,"I"
836,"P"
837,"G"
838,"P"
839,"V"
840,"T"
841,"W"
842,"E"
843,"P"
844,"R"
845,"P"
846,"E"
847,"N"
848,"S"
849,"I"
850,"F"
851,"L"
852,"K"
853,"W"
854,"P"
855,"E"
856,"P"
857,"E"
858,"N"
859,"P"
860,"N"
861,"G"
862,"L"
863,"I"
864,"L"
865,"M"
866,"Y"
867,"E"
868,"I"
869,"K"
870,"Y"
871,"G"
872,"S"
873,"Q"
874,"V"
875,"E"
876,"D"
877,"Q"
878,"R"
879,"E"
880,"C"
881,"V"
882,"S"
883,"R"
884,"Q"
885,"E"
886,"Y"
887,"R"
888,"K"
889,"Y"
890,"G"
891,"G"
892,"A"
893,"K"
894,"L"
895,"N"
896,"R"
897,"L"
898,"N"
899,"P"
900,"G"
901,"N"
902,"Y"
903,"T"
904,"A"
905,"R"
906,"I"
907,"Q"
908,"A"
909,"T"
910,"S"
911,"L"
912,"S"
913,"G"
914,"N"
915,"G"
916,"S"
917,"W"
918,"T"
919,"D"
920,"P"
921,"V"
922,"F"
923,"F"
924,"Y"
925,"V"
926,"P"
927,"A"
928,"K"
929,"T"
930,"T"
931,"Y"
932,"E"
933,"N"
934,"F"
935,"M"
936,"H"
937,"L"
938,"I"
939,"I"
940,"A"
941,"L"
942,"P"
943,"V"
944,"A"
945,"I"
946,"L"
947,"L"
948,"I"
949,"V"
950,"G"
951,"G"
952,"L"
953,"V"
954,"I"
955,"M"
956,"L"
957,"Y"
958,"V"
959,"F"
960,"H"
961,"R"
962,"K"
963,"R"
964,"N"
965,"N"
966,"S"
967,"R"
968,"L"
969,"G"
970,"N"
971,"G"
972,"V"
973,"L"
974,"Y"
975,"A"
976,"S"
977,"V"
978,"N"
979,"P"
980,"E"
981,"Y"
982,"F"
983,"S"
984,"A"
985,"A"
986,"D"
987,"V"
988,"Y"
989,"V"
990,"P"
991,"D"
992,"E"
993,"W"
994,"E"
995,"V"
996,"A"
997,"R"
998,"E"
999,"K"
1000,"I"
1001,"T"
1002,"M"
1003,"N"
1004,"R"
1005,"E"
1006,"L"
1007,"G"
1008,"Q"
1009,"G"
1010,"S"
1011,"F"
1012,"G"
1013,"M"
1014,"V"
1015,"Y"
1016,"E"
1017,"G"
1018,"V"
1019,"A"
1020,"K"
1021,"G"
1022,"V"
1023,"V"
1024,"K"
1025,"D"
1026,"E"
1027,"P"
1028,"E"
1029,"T"
1030,"R"
1031,"V"
1032,"A"
1033,"I"
1034,"K"
1035,"T"
1036,"V"
1037,"N"
1038,"E"
1039,"A"
1040,"A"
1041,"S"
1042,"M"
1043,"R"
1044,"E"
1045,"R"
1046,"I"
1047,"E"
1048,"F"
1049,"L"
1050,"N"
1051,"E"
1052,"A"
1053,"S"
1054,"V"
1055,"M"
1056,"K"
1057,"E"
1058,"F"
1059,"N"
1060,"C"
1061,"H"
1062,"H"
1063,"V"
1064,"V"
1065,"R"
1066,"L"
1067,"L"
1068,"G"
1069,"V"
1070,"V"
1071,"S"
1072,"Q"
1073,"G"
1074,"Q"
1075,"P"
1076,"T"
1077,"L"
1078,"V"
1079,"I"
1080,"M"
1081,"E"
1082,"L"
1083,"M"
1084,"T"
1085,"R"
1086,"G"
1087,"D"
1088,"L"
1089,"K"
1090,"S"
1091,"Y"
1092,"L"
1093,"R"
1094,"S"
1095,"L"
1096,"R"
1097,"P"
1098,"E"
1099,"V"
1100,"E"
1101,"Q"
1102,"N"
1103,"N"
1104,"L"
1105,"V"
1106,"L"
1107,"I"
1108,"P"
1109,"P"
1110,"S"
1111,"L"
1112,"S"
1113,"K"
1114,"M"
1115,"I"
1116,"Q"
1117,"M"
1118,"A"
1119,"G"
1120,"E"
1121,"I"
1122,"A"
1123,"D"
1124,"G"
1125,"M"
1126,"A"
1127,"Y"
1128,"L"
1129,"N"
1130,"A"
1131,"N"
1132,"K"
1133,"F"
1134,"V"
1135,"H"
1136,"R"
1137,"D"
1138,"L"
1139,"A"
1140,"A"
1141,"R"
1142,"N"
1143,"C"
1144,"M"
1145,"V"
1146,"A"
1147,"E"
1148,"D"
1149,"F"
1150,"T"
1151,"V"
1152,"K"
1153,"I"
1154,"G"
1155,"D"
1156,"F"
1157,"G"
1158,"M"
1159,"T"
1160,"R"
1161,"D"
1162,"I"
1163,"Y"
1164,"E"
1165,"T"
1166,"D"
1167,"Y"
1168,"Y"
1169,"R"
1170,"K"
1171,"G"
1172,"G"
1173,"K"
1174,"G"
1175,"L"
1176,"L"
1177,"P"
1178,"V"
1179,"R"
1180,"W"
1181,"M"
1182,"S"
1183,"P"
1184,"E"
1185,"S"
1186,"L"
1187,"K"
1188,"D"
1189,"G"
1190,"V"
1191,"F"
1192,"T"
1193,"T"
1194,"H"
1195,"S"
1196,"D"
1197,"V"
1198,"W"
1199,"S"
1200,"F"
1201,"G"
1202,"V"
1203,"V"
1204,"L"
1205,"W"
1206,"E"
1207,"I"
1208,"A"
1209,"T"
1210,"L"
1211,"A"
1212,"E"
1213,"Q"
1214,"P"
1215,"Y"
1216,"Q"
1217,"G"
1218,"L"
1219,"S"
1220,"N"
1221,"E"
1222,"Q"
1223,"V"
1224,"L"
1225,"R"
1226,"F"
1227,"V"
1228,"M"
1229,"E"
1230,"G"
1231,"G"
1232,"L"
1233,"L"
1234,"D"
1235,"K"
1236,"P"
1237,"D"
1238,"N"
1239,"C"
1240,"P"
1241,"D"
1242,"M"
1243,"L"
1244,"F"
1245,"E"
1246,"L"
1247,"M"
1248,"R"
1249,"M"
1250,"C"
1251,"W"
1252,"Q"
1253,"Y"
1254,"N"
1255,"P"
1256,"K"
1257,"M"
1258,"R"
1259,"P"
1260,"S"
1261,"F"
1262,"L"
1263,"E"
1264,"I"
1265,"I"
1266,"G"
1267,"S"
1268,"I"
1269,"K"
1270,"D"
1271,"E"
1272,"M"
1273,"E"
1274,"P"
1275,"S"
1276,"F"
1277,"Q"
1278,"E"
1279,"V"
1280,"S"
1281,"F"
1282,"Y"
1283,"Y"
1284,"S"
1285,"E"
1286,"E"
1287,"N"
1288,"K"
1289,"P"
1290,"P"
1291,"E"
1292,"P"
1293,"E"
1294,"E"
1295,"L"
1296,"E"
1297,"M"
1298,"E"
1299,"L"
1300,"E"
1301,"M"
1302,"E"
1303,"P"
1304,"E"
1305,"N"
1306,"M"
1307,"E"
1308,"S"
1309,"V"
1310,"P"
1311,"L"
1312,"D"
1313,"P"
1314,"S"
1315,"A"
1316,"S"
1317,"S"
1318,"A"
1319,"S"
1320,"L"
1321,"P"
1322,"L"
1323,"P"
1324,"E"
1325,"R"
1326,"H"
1327,"S"
1328,"G"
1329,"H"
1330,"K"
1331,"A"
1332,"E"
1333,"N"
1334,"G"
1335,"P"
1336,"G"
1337,"P"
1338,"G"
1339,"V"
1340,"L"
1341,"V"
1342,"L"
1343,"R"
1344,"A"
1345,"S"
1346,"F"
1347,"D"
1348,"E"
1349,"R"
1350,"Q"
1351,"P"
1352,"Y"
1353,"A"
1354,"H"
1355,"M"
1356,"N"
1357,"G"
1358,"G"
1359,"R"
1360,"A"
1361,"N"
1362,"E"
1363,"R"
1364,"A"
1365,"L"
1366,"P"
1367,"L"
1368,"P"
1369,"Q"
1370,"S"
1371,"S"
1372,"T"
1373,"C"
